<?xml version="1.0" encoding="UTF-8"?>
<configuration>
	<appender name="STDOUT" class="ch.qos.logback.core.ConsoleAppender">
		<encoder>
			<pattern>%d{dd MMM yyyy HH:mm:ss} %-4r [%t] %-5p %c  - %m%n
			</pattern>
		</encoder>
		<filter class="ch.qos.logback.classic.filter.ThresholdFilter">
			<level>TRACE</level>
		</filter>
	</appender>
	<logger name="org.springframework" level="ERROR" />
	<logger name="ch.qos.logback" level="ERROR" />
	<root level="INFO">
		<appender-ref ref="STDOUT" />
	</root>
</configuration>